{"cameraMode":{"drawMode":0,"name":"Shaded","section":"Shading Mode"},"sceneLighting":true,"audioPlay":false,"sceneViewState":{"showFog":true,"showMaterialUpdate":true,"showSkybox":true,"showFlares":true,"showImageEffects":true,"showParticleSystems":true},"in2DMode":false,"pivot":{"x":-0.0409531332552433,"y":-0.12343750149011612,"z":0.12890858948230744},"rotation":{"x":0.6299290060997009,"y":0.05346239358186722,"z":-0.04353410005569458,"w":0.7735864520072937},"size":6.307962894439697,"orthographic":true}