{"cameraMode":{"drawMode":0,"name":"Shaded","section":"Shading Mode"},"sceneLighting":true,"audioPlay":false,"sceneViewState":{"showFog":true,"showMaterialUpdate":true,"showSkybox":true,"showFlares":true,"showImageEffects":true,"showParticleSystems":true},"in2DMode":false,"pivot":{"x":-2.0146844387054445,"y":-2.511894702911377,"z":-1.789739727973938},"rotation":{"x":-0.7049791216850281,"y":-0.0021276576444506647,"z":0.002114939736202359,"w":-0.7092217206954956},"size":8.200350761413575,"orthographic":false}